id,answer
CORP-TAX-011,Nein. Abschreibungen auf den niedrigeren Teilwert einer Beteiligung an einem Gruppenmitglied (§ 8 Abs. 2 KStG) sind gemäß § 8 Abs. 3 KStG nicht abzugsfähig. Dies gilt auch für Verluste aus der Veräußerung einer Gruppenbeteiligung. Die Gruppenbesteuerung soll die Gruppe als wirtschaftlich zusammengehöriges Ganzes behandeln und Verluste innerhalb der Gruppe nicht auf einzelne Gruppenträger verteilen.;;;
CORP-TAX-015,Veräußerungsgewinne aus internationalen Schachtelbeteiligungen (Beteiligungen an ausländischen Kapitalgesellschaften) unterliegen gemäß § 10 Abs. 2 KStG 1988 dem besonderen Steuersatz von 24% (nicht 25% wie für sonstige Kapitalerträge). Dies gilt unabhängig von der Beteiligungshöhe. Bei Veräußerungsgewinnen aus inländischen Schachtelbeteiligungen gilt der allgemeine Steuersatz von 25%.;;;
CORP-TAX-016,Nein. Fremdfinanzierungszinsen für den Erwerb einer Beteiligung an einer Kapitalgesellschaft (§ 7 Abs. 3 KStG) oder einer Personengesellschaft (§ 7 Abs. 3 EStG) sind gemäß § 7 Abs. 3 Z 2 EStG und § 7 Abs. 3 Z 2 KStG nicht als Betriebsausgaben abzugsfähig. Sie sind jedoch als außergewöhnliche Einkünfte (§ 27 EStG) zu erfassen und können mit dem Veräußerungsgewinn verrechnet werden.;;;
CORP-TAX-017,Unterschiede: (1) § 11 KStG: Betriebsausgabenabzug grundsätzlich mit 60% des Einkommens begrenzt (nicht mit 50% wie bei ESt). (2) § 12 KStG: Sonderregelungen für Verluste aus Kapitalvermögen und aus bestimmten Beteiligungen (z.B. Verlustausgleich bei Beteiligungen an Kapitalgesellschaften). (3) § 12 KStG enthält auch die Regelung zur Verlustverrechnung bei Körperschaftengruppen.;;;
CORP-TAX-018,Ja. Freiwillige Spenden an gemeinnützige Einrichtungen sind gemäß § 3 Abs. 1 Z 3 EStG 1988 grundsätzlich abzugsfähige Werbungskosten. Der Spendenempfänger muss jedoch eine gemeinnützige Zweckbestimmung haben und die Spende muss tatsächlich für gemeinnützige Zwecke verwendet werden. Bei Spenden an nicht gemeinnützige Empfänger können Sonderausgaben (§ 18 EStG) in Betracht gezogen werden.;;;
CORP-TAX-021,Bei rechnungslegungspflichtigen Körperschaften (§ 23 Z 1 EStG) ist der Gewinn nach dem Betriebsvermögensprinzip zu ermitteln. Das bedeutet: Umsätze werden mit den entsprechenden Einnahmen verglichen und der Unterschied ergibt den Gewinn. Bei Verlusten werden diese auf Verlustvortrage angerechnet. Die Gewinnrealisierung erfolgt automatisch mit der Abschluss des Jahresabschlusses (§ 23 Z 2 EStG). Die EStG-Methode (Einkommensmethode) ist für Körperschaften nicht relevant.;;;
CORP-TAX-023,Bei einer GmbH ist das Verlustabzugsgesetz (Verlustrücklagenverordnung) zu beachten. Verluste aus dem Jahr 2023 können auf Gewinne der Jahre 2024 bis 2027 angerechnet werden (Verlustrücklagen). Die Verlustrücklage kann mit Gewinnen des Folgejahres verrechnet werden. Bei einer Verlustrücklage von mehr als EUR 170.000 pro Jahr (ab EUR 340.000) kann die Verlustrücklage bis zu EUR 170.000 pro Jahr mit anderen Einkünften verrechnet werden. Außerdem ist die GmbH an die Mindestbesteuerung von 24% (§ 10a KStG) gebunden.;;;
CORP-TAX-027,Für die finanzielle Verbindung im Sinne des § 9 Abs. 1 Z 2 KStG ist eine Beteiligung von mindestens 25% am Grund- oder Stammkapital des verbundenen Unternehmens erforderlich. Bei unechten Beteiligungen (§ 9 Abs. 2 KStG) kann auch eine Beteiligung von mehr als 50% mit einem Stimmrecht von weniger als 50% ausreichen.;;;
CORP-TAX-037,Gewinnanteile aus ausländischen Schachtelbeteiligungen (Schachtelbeteiligungen an ausländischen Kapitalgesellschaften) sind gemäß § 10 Abs. 2 Z 2 KStG grundsätzlich nicht steuerpflichtig. Dies gilt unabhängig von der Beteiligungshöhe. Eine Ausnahme gilt für Beteiligungen von mehr als 50%: Diese sind gemäß § 10 Abs. 2 Z 1 KStG mit dem inländischen Körperschaftsteuersatz zu besteuern (Mindeststeuerpflicht).;;;
CORP-TAX-043,Bei einer rechnungslegungspflichtigen GmbH (§ 7 Abs. 2 KStG) ist der steuerliche Einkommenstichtag der 1. Januar (§ 7 Abs. 1 KStG). Typische Überleitungsregeln: (1) Gewinn-Verlustübertragung (§ 8 KStG): Verluste können auf Gewinne aus späteren Wirtschaftsjahren übertragen werden. (2) Verlustabzug bei der Einkommensermittlung (§ 9 KStG): Verluste können direkt vom steuerlichen Einkommen abgezogen werden. (3) Verlustvortrag in die Folgejahre (§ 10 KStG). (4) Verlustabzug bei der Einkommensermittlung bei Ausscheiden von Gesellschaftern (§ 11 KStG). (5) Verlustabzug bei der Einkommensermittlung bei Umgründungen (§ 12 KStG).;;;
CORP-TAX-050,Die Unternehmensgruppe gemäß § 9 KStG ermöglicht die Zusammenlegung der Körperschaftsteuerpflichten von Gruppenträger und Gruppenmitgliedern. Der Gruppenträger vereinigt die Gewinne und Verluste aller Gruppenmitglieder und berechnet die Körperschaftsteuer auf Grundlage des Gesamtbilanzgewinns. Verluste können auf mindestens drei Jahre vorgetragen werden. Der Gruppenträger ist nicht unmittelbar steuerpflichtig für die Beteiligungen der Gruppenmitglieder. Der Vorteil liegt in der Verlustausgleichsmöglichkeit und der Vermeidung der isolierten Besteuerung von Beteiligungen.;;;
CORP-TAX-055,Eine Sitzverlegung einer inländischen Tochtergesellschaft ins Ausland führt gemäß § 10 Abs. 3 KStG zu einer Änderung der Beteiligungshöhe. Die bisher angesammelten stillen Reserven (§ 8 Abs. 1 KStG) werden nicht automatisch auf die neue Beteiligungshöhe angepasst. Sie sind jedoch auf die neue Beteiligungshöhe zu übertragen. Bei einer Beteiligungshöhe von 0% (Auslandszweigbetrieb) können die stillen Reserven jedoch nicht mehr genutzt werden. Eine Neuberechnung der stillen Reserven ist gemäß § 10 Abs. 3 KStG obligatorisch.;;;
TAX-INTL-004,Nein. Die unbeschränkte Steuerpflicht gemäß § 1 Abs. 2 EStG setzt eine mindestens einjährige Aufenthaltspflicht voraus. Die 50 Tage pro Jahr reichen nicht aus. Die Schweizerin ist daher nur mit ihrem inländischen Einkommen (z.B. aus österreichischen Gesellschaften) in Österreich steuerpflichtig. Die Zweitwohnung selbst ist bei dieser Konstellation nicht relevant.;;;
TAX-INTL-012,Ja. Für das Zuzugsjahr (das Jahr der Umzugsvollendung) ist gemäß § 1 Abs. 3 EStG 1988 eine beschränkte Steuerpflicht für die ersten 6 Monate (bis zum Ende des 6. Monats) und eine unbeschränkte Steuerpflicht für die restlichen 6 Monate zu versteuern. Die Einkünfte sind auf die Hälfte zu teilen und je nach Steuerpflichtart zu versteuern. Ab dem Folgejahr gilt die unbeschränkte Steuerpflicht.;;;
TAX-INTL-024,Ja. Gemäß § 1 Abs. 4 EStG 1988 muss der Steuerpflichtige Angaben über die inländischen Einkünfte und die inländisch nicht steuerpflichtigen Einkünfte (§ 1 Abs. 2 Z 2 EStG) machen. Die Angabe der inländisch nicht steuerpflichtigen Einkünfte ist für die Berechnung des begünstigten Teils der inländischen Einkünfte (§ 1 Abs. 4 Z 1 EStG) erforderlich.;;;
TAX-INTL-030,Ja. Gemäß § 97 Abs. 2 EStG 1988 unterliegen beschränkt steuerpflichtige Personen mit mehr als 730 Euro veranlagungspflichtigen Einkünften der unbeschränkten Einkommensteuerpflicht. Die Beschränkung auf österreichisches Einkommen gilt nicht mehr.;;;
TAX-INTL-039,Bei der Anrechnungsmethode (§ 1 Abs. 2 EStG) werden die inländischen Einkünfte mit den ausländischen Einkünften verrechnet. Steuerpflichtige Einkünfte bestehen nur noch aus dem Unterschiedsbetrag. Beispiele: (1) Ein österreichischer Banker erhält eine Dividende aus einer deutschen Bank. Die deutsche Quellensteuer wird auf die österreichischen Einkünfte angerechnet. (2) Ein österreichischer Unternehmer erzielt Umsätze in Deutschland. Die deutsche Umsatzsteuer wird auf die österreichischen Umsätze angerechnet.;;;
TAX-INTL-073,Nein. Für beschränkt steuerpflichtige Personen (§ 1 Abs. 2 EStG) gilt der allgemeine Lohnsteuersatz von 55% (§ 97 Abs. 1 Z 1 EStG). Der 20%-Satz gilt nur für unbeschränkt steuerpflichtige Arbeitnehmer (§ 97 Abs. 1 Z 2 EStG). Der Lohnsteuerabzug ist daher mit 55% des Bezuges zu berechnen.;;;
VAT-DOM-030,Für die Einfuhrumsatzsteuer gilt gemäß § 5 Abs. 1 UStG die Bemessungsgrundlage des vereinbarten Entgelts für die Bearbeitung im Drittland. Der volle Wert des wiedereingeführten Gegenstands ist nicht maßgeblich. Dies folgt aus dem Grundsatz der Entgeltbestimmtheit (§ 5 Abs. 1 UStG) und der Ausnahme für die Bemessungsgrundlage bei Wiedereinfuhr (§ 5 Abs. 2 UStG).;;;
VAT-DOM-042,Nein. Die Zweigniederlassung ist eine Betriebsstätte der deutschen GmbH und nicht ein eigenständiger Unternehmer. Die Schweizer Abnehmerin ist der ausländische Abnehmer im Sinne des § 7 UStG. Die Lieferung an die Schweizer Abnehmerin ist damit ein innergemeinschaftlicher Umsatz (§ 3a Abs. 7 UStG) und nicht umsatzsteuerbar.;;;
VAT-DOM-046,Ja. Die Voraussetzungen des § 3a Abs. 3 UStG sind erfüllt: (1) Der Gegenstand (Maschinenteile) ist im Gemeinschaftsgebiet erworben worden. (2) Der Wiener Unternehmer bearbeitet den Gegenstand in Österreich. (3) Der bearbeitete Gegenstand wird an einen Drittländer ausgeliefert. Damit liegt eine Lohnveredlung an Gegenständen der Ausfuhr (§ 3a UStG) vor. Der Wiener Unternehmer schuldet in diesem Fall österreichische USt von 20% des Anschaffungswerts der bearbeiteten Teile.;;;
VAT-DOM-073,Nein. Für die Befreiung nach § 3a Abs. 6 UStG muss die Vermittlungsleistung selbst im Inland gegen Entgelt oder gegen ein Entgelt im Sinne des § 4 Abs. 1 UStG erfolgen. Die bloße Anknüpfung an einen im Ausland stattfindenden Umsatz reicht nicht aus. Die Vermittlungsleistung selbst muss im Inland gegen Entgelt erfolgen.;;;
GRESt-AT-007,Nein. Die Realteilung (physische Aufteilung des Grundstücks) ist eine steuerfreie Erwerbsvorgang gemäß § 1 Abs. 1 Z 2 GrEStG (Befreiungen). Sie ist eine natürliche Folge der Miteigentnerschaft und stellt keinen eigenständigen Erwerbsvorgang dar. Die Realteilung ist eine Folge der Miteigentnerschaft und nicht ein eigenständiger Erwerbsvorgang.;;;
GRESt-AT-008,Bei unentgeltlichen Übertragungen an Kinder (§ 24 EStG) beträgt der Steuerfreibetrag EUR 7.300 pro Jahr (EUR 14.600 für Kinder mit Behinderung). Der übersteigende Betrag ist mit 1/3 des Grundfreibetrags (EUR 1.300 pro Jahr) zu versteuern. Die Tochter muss die Liegenschaft mindestens drei Jahre lang selbst betreiben (§ 24 Abs. 1 Z 2 EStG) und muss die Liegenschaft nicht unmittelbar nach Erhalt übertragen können.;;;
GRESt-AT-013,Bei der Veräußerung eines land- und forstwirtschaftlichen Betriebes gilt gemäß § 7 Abs. 1 Z 2 EStG 1988 der begünstigte Sondersteuersatz von 25% für den Gewinn aus der Betriebsaufgabe (nicht der Grundstücksgewinn). Der begünstigte Steuersatz gilt unabhängig von der Dauer des Betriebs. Der Grundstücksteil des Gewinns (Wertsteigerung) ist ebenfalls mit 25% zu besteuern.;;;
GRESt-AT-015,Gemäß § 8 Abs. 1 GrEStG sind sowohl Käufer als auch Verkäufer (bzw. deren Vertreter) gesondert für die Steuer verantwortlich. Das bedeutet: Beide Parteien haften für die Steuer. In der Praxis wird die GrESt jedoch in der Regel vom Notar oder dem Rechtsanwalt einbehalten und an das Finanzamt abgeführt.;;;
GRESt-AT-018,Bei Zwangsversteigerung (§ 1 Abs. 1 Z 2 GrEStG) ist die Bemessungsgrundlage das Grundstückswert gemäß dem Grundsteuerwertverzeichnis (§ 2 Abs. 1 GrEStG). Der Grundstückswert ist das Maß für die GrESt. Der Grundstückswert ist in der Regel höher als der Versteigerungserlös (da der Gläubiger das Grundstück günstig veräußern muss). Die GrESt wird daher in der Regel vom Gericht selbst berechnet und vom Versteigerungserlös einbehalten.;;;
GRESt-AT-030,Nein. Die Entschädigung für die Wertminderung des verbleibenden Grundstücks (Wertminderungsersatz) ist gemäß § 10 Abs. 2 Z 2 GrEStG nicht auf die Bemessungsgrundlage anzurechnen. Sie stellt eine zusätzliche Entschädigung dar und ist steuerpflichtig. Die Entschädigung für die abgetretene Fläche ist die eigentliche Enteignungsentschädigung und wird auf die Bemessungsgrundlage angerechnet.;;;
GRESt-AT-031,Nein. Die Zahlung für das Aufhebungsrecht ist gemäß § 3 Abs. 1 Z 2 GrEStG (Anwendungsvorschrift zu § 8 Abs. 1 GrEStG) von der Bemessungsgrundlage auszuschließen. Sie stellt eine Gegenleistung für das Recht dar und nicht für den Erwerb des Grundstücks selbst. Die Bemessungsgrundlage für die GrESt besteht nur aus dem Grundstückswert.;;;
GRESt-AT-039,Rechtsanwälte und Notare haben gemäß § 19 Abs. 1 UStG 1994 für ihre Unterlagen und Urkunden eine Aufbewahrungsfrist von 7 Jahren ab Ende des Wirtschaftsjahres (§ 19 Abs. 2 UStG). Die Aufbewahrung kann auch elektronisch erfolgen (§ 19 Abs. 3 UStG). Die Aufbewahrungspflicht gilt auch für die relevanten Rechnungen und Belege.;;;
GRESt-AT-059,Die geänderten Selbstberechnungsregeln gemäß § 21 Abs. 3 EStG 1988 treten gemäß § 21 Abs. 10 EStG 1988 mit Wirkung für den Veranlagungszeitraum 2025 an. Für den Veranlagungszeitraum 2025 sind die bisherigen Regelungen (§ 21 Abs. 3 EStG 1988 i.V.m. § 21 Abs. 4 EStG 1988) weiter anzuwenden.;;;
GRESt-AT-061,Ja. Gemäß § 8 Abs. 1 GrEStG ist die GrESt auch bei Veräußerung von Grundstücken durch Erben oder Schenkung zu bezahlen. Der Tod des Hauseigentümers führt nicht automatisch zum Wegfall der GrESt-Pflicht. Der Erbe oder der Nachlasspfleger hat die GrESt zu bezahlen. Die GrESt ist vom Nachlass zu berücksichtigen.;;;
VAT-INTL-045,Nein. Die Personengemeinschaft ist eine Unternehmerin. Das Fahrrad ist ein Betriebsvermögen und damit Unternehmensvermögen. Die Privatbenutzung durch Frau Becker ist eine verdeckte Einnahme (§ 26 Z 2 EStG) und muss nicht separat versteuert werden. Die Personengemeinschaft kann die Privatbenutzung beim Vorsteuerabzug berücksichtigen (§ 12 Abs. 3 Z 2 UStG) und die Vorsteuer entsprechend korrigieren.;;;
VAT-INTL-062,Nein. Die Vermietung für 25 Tage ist nicht kurzfristig im Sinne des § 30 Abs. 2 EStG (mindestens 30 Tage). Die Kosten sind gemäß § 16 Abs. 1 Z 7 EStG (Reisekostenverordnung) bei Vorliegen eines Dienstreises gemäß § 26 Z 6 EStG steuerfrei.;;;
ESTG27-007,Beim Kauf: Die aufgelaufenen Stückzinsen von EUR 200 sind gemäß § 27 Abs. 2 Z 2 EStG 1988 mit dem Anschaffungswert (EUR 10.000) zu vermindern und stellen damit einen Teil des Anschaffungswerts dar. Beim Verkauf: Die aufgelaufenen Stückzinsen von EUR 350 sind gemäß § 27 Abs. 2 Z 2 EStG 1988 mit dem Veräußerungswert (EUR 10.500) zu vermindern und stellen damit einen Teil des Veräußerungswerts dar. Die Differenz zwischen den beim Kauf bezahlten EUR 10.000 und den beim Verkauf erhaltenen EUR 10.500 ist ein steuerpflichtiger Gewinn aus der Veräußerung von Kapitalvermögen.;;;
ESTG27-010,Beide Optionserträge sind gemäß § 27 Abs. 2 Z 2 EStG 1988 Einkünfte aus Kapitalvermögen und damit grundsätzlich steuerfrei. Die Ausübung einer Option (die tatsächliche Lieferung der Aktien) würde die Steuerfreiheit verlieren und die Gewinne aus der Veräußerung der Aktien unterliegen dann den Regelbesteuerungsabsichten des § 27 Abs. 8 EStG 1988 (25% KESt).;;;
ESTG27-013,Nein. Die Einkünfte aus Agrargemeinschaften sind gemäß § 22 Z 2 EStG 1988 Einkünfte aus Land- und Forstwirtschaft und nicht aus Kapitalvermögen. Die Trennung in Jahres- und Vorauszahlungen hat keine steuerliche Bedeutung. Die Gesamteinnahme aus der Agrargemeinschaft ist relevant.;;;
ESTG27-014,Nein. Die Darlehenszinsen (800 Euro) sind keine Werbungskosten für den Erwerb der Aktien (§ 27 Z 2 EStG – nur Kosten des Erwerbs selbst zugeführte Wirtschaftsgüter sind abzugsfähig). Der Veräußerungsverlust von 1.500 Euro kann gemäß § 27 Abs. 2 EStG nur mit dem Gewinn aus der Veräußerung (600 Euro) ausgeglichen werden und beträgt damit maximal 600 Euro. Der Rest des Verlustes bleibt steuerlich nicht abzugsfähig.;;;
ESTG27-021,Nein. Die Rückzahlung einer Kapitalherabsetzung (Kapitalerhöhung rückgängig machen) ist kein Einkünfteerwerb im Sinne des § 27 EStG. Sie stellt eine Rückzahlung des eigenen Kapitals dar und ist daher steuerfrei. Das ist eine Ausnahme vom GrESt- und KESt-Gegenstand.;;;
ESTG27-027,Nein. Gemäß § 7 Abs. 3 UmgrStG sind im Umgründungsfall bestimmte Übertragungen (einschließlich der Übertragung von Anleihen) auf den neuen Gesamtheitsträger als Einbringung und nicht als Veräußerung zu behandeln. Damit entfällt die Veräußerungsgewinnsteuerpflicht. Die Meldung an das Finanzamt durch die Depotbank ist eine Pflichtmeldepflicht gemäß § 21 Abs. 1 Z 2 lit. b UmgrStG.;;;
ESTG27-036,Nein. Der interne Depottransfer (Übertragung von Wertpapieren innerhalb derselben Bank) ist gemäß § 27 Abs. 2 EStG 1988 steuerneutral. Er stellt keine Einlage oder Einbringung dar. Die Übermittlung der Anschaffungskosten durch die Bank bei der Depotübertragung ist eine rein organisatorische Maßnahme und hat keine steuerliche Bedeutung. Die Anschaffungskosten werden beim Empfängerdepot (Bank B) erneut berücksichtigt.;;;
EMP-002,Ja. Die einmalige Entschädigungssumme ist gemäß § 25 Abs. 1 Z 1 lit. a EStG 1988 steuerpflichtiges Arbeitslohn. Sie stellt eine Vergütung für die nicht erbrachte Arbeit dar und ist damit ein Einkommen aus nichtselbständiger Arbeit. Die steuerliche Behandlung richtet sich nach den allgemeinen Grundsätzen der Lohnsteuer.;;;
EMP-008,Nein. Der Arbeitgeber zahlt diesen Betrag selbst und stellt ihn nicht dem Arbeitnehmer zu. Er ist daher kein Arbeitslohn und damit nicht steuerpflichtiger Lohn im Sinne des § 25 Abs. 1 Z 1 EStG. Der Arbeitgeber kann diesen Betrag als Werbungskosten für die betriebliche Sozialfürsorge abziehen (§ 16 Abs. 1 Z 7 EStG).;;;
EMP-015,Nein. Das Klimaticket Österreich ist gemäß § 26 Z 6 lit. a EStG 1988 ein steuerbefreites Sachbezugselement (Arbeitgeberdarlehen für den öffentlichen Personennahverkehr). Der Arbeitgeber kann die Kosten des Tickets als steuerfreien Sachbezug (bis zu EUR 30 pro Monat) oder als geldwerte Leistung (bis zu EUR 30 pro Monat) abziehen. Die Angestellte muss das Ticket nicht als Einkünfte aus nichtselbständiger Arbeit versteuern.;;;
EMP-017,Nein. Diese Abgeltung ist gemäß § 26 Z 4 EStG ein steuerbefreites Sachbezugsgeld für Homeoffice-Kosten. Sie steht in engem Zusammenhang mit der Tätigkeit und ist vom Arbeitgeber gestellt. Damit ist die Verpflichtung zur Abgabe einer Lohnsteueranmeldung erfüllt.;;;
EMP-024,Ja. Die Bezüge aus dem Unterstützungssystem der Rechtsanwaltskammer sind gemäß § 25 Abs. 1 Z 1 lit. a EStG 1988 Einkünfte aus sonstiger selbständiger Arbeit (freiberufliche Tätigkeit) und nicht aus nichtselbständiger Arbeit (Angestelltenerwerb). Sie unterliegen der Einkommensteuer und sind in der Lohnsteuerbescheinigung der Rechtsanwaltskammer auszuweisen.;;;
EMP-039,Die Überweisung einer ausstehenden Gehaltszahlung an den Erben (Ehefrau) ist eine steuerfreie Abgeltung der Ansprüche des Arbeitnehmers gemäß § 26 Z 2 EStG. Damit wird die Einkommensteuerpflicht des Arbeitnehmers erloschen. Die Ehefrau muss die Zahlung als Einkünfte aus sonstiger selbständiger Arbeit (§ 22 Z 2 EStG) erfassen und die Einkommensteuer selbst abführen.;;;
EMP-041,Nein. Der Sachbezugswert wird nach dem Sachbezugswerteverfahren (§ 26 Z 4 EStG) berechnet: 600.000€ / 30 Jahre (Bemessungszeitraum) = 20.000€ pro Jahr. Bei einer Nutzungsdauer von 20 Jahren wäre der Sachbezugswert doppelt so hoch.;;;
EMP-056,Ja. Die steuerfreien betrieblichen Massnahmen zur Gesundheitsförderung gemäß § 3 Abs. 1 Z 14 EStG umfassen u.a. die Förderung der körperlichen Gesundheit und Betätigung im Sport. Die Kosten für eine Mitgliedschaft im Fitnessstudio können daher als steuerfreie Arbeitgeberleistung angesichts ihrer Gesundheitsförderungswirkung angesehen werden.;;;
EStG-23-012,Ja. Die Tätigkeit des Versicherungsmaklers als Vermittler von Immobilien ist eine selbständige Arbeit im Rahmen seines Gewerbebetriebs (§ 23 Z 1 EStG). Die Vermittlungstätigkeit ist eine typische Nebentätigkeit eines Versicherungsmaklers und fällt in sein steuerliches Gewerbe. Die Einkünfte aus der Vermittlungstätigkeit sind daher Einkünfte aus Gewerbebetrieb und nicht Einkünfte aus selbständiger Arbeit (§ 22 EStG).;;;
EStG-23-023,Nein. Das Gehalt für die Geschäftsführertätigkeit ist gemäß § 22 Z 2 EStG Einkünfte aus sonstiger selbständiger Arbeit und nicht Einkünfte aus Gewerbebetrieb (§ 23 EStG). Die Lohnsteuerfreibetragsgrenze (§ 33 Abs. 3 EStG) greift nicht. Der OG kann die Lohnsteuer selbst einbehalten und abführen.;;;
EStG-23-035,Nein. Der Kommanditist ist Gesellschafter der KG und nicht unmittelbar an der GmbH beteiligt. Seine Beteiligung an der GmbH erfolgt indirekt über die KG. Der Gewinnanteil des Kommanditisten ist Einkünfte aus Kapitalvermögen gemäß § 27 Abs. 2 Z 2 EStG 1988 (Beteiligungserträge an einer Kapitalgesellschaft über eine Personengesellschaft).;;;
EStG-23-044,Nein. Die Vermietung der Lagerhalle an die KG ist eine Beteiligungstätigkeit (§ 8 Abs. 1 Z 1 KStG) und damit Einkünfte aus Kapitalvermögen (nicht Vermietung und Verpachtung). Die Kommanditistin ist an der KG beteiligt und profitiert indirekt von der Tätigkeit der KG. Die Vermietung an die KG ist eine Innenbeziehung innerhalb der KG und nicht eine unabhängige Tätigkeit der Kommanditistin.;;;
EStG-23-052,Die Einkünfte des E-Sportlers aus Turniersiegern und Streaming-Werbeeinnahmen können gemäß § 23 Z 1 EStG (Einkünfte aus selbständiger Arbeit) oder § 23 Z 2 EStG (Einkünfte aus sonstiger selbständiger Arbeit) qualifiziert werden. Die Abgrenzung ist schwierig. Grundsätzlich ist E-Sport als körperlich-äußerer Sport anzusehen und damit § 23 Z 1 EStG. Streaming kann als selbständige Arbeit (§ 23 Z 2) oder als selbständige Arbeit im Rahmen eines Sportler-Unternehmens (§ 23 Z 1) angesehen werden. Die tatsächliche Einkommensstruktur und die betriebliche Organisation sind entscheidend.;;;
SELF-001,Für die ersten 10 Überstunden (ab 40 Stunden/Woche) beträgt der Steuerfreibetrag gemäß § 33 Abs. 3 EStG 1988 EUR 150 pro Monat (ab 2024). Für jede weitere Überstunde beträgt der Freibetrag EUR 1 pro Stunde. Diese Regelung gilt für Arbeitnehmer mit einem durchschnittlichen Monatseinkommen bis EUR 3.900. Bei höherem Einkommen gilt der allgemeine Freibetrag von EUR 1 pro EUR des Einkommens.;;;
SELF-002,Für das Jahr 2026 wurde die kalte Progression durch § 33 Abs. 4 EStG entlastet. Die Grenze für die progressionsfreie Zone (PFZ) wurde von EUR 15.000 auf EUR 20.000 erhöht. Damit sollen Einkommen bis EUR 20.000 von der kalten Progression befreit werden. Die Grenze für die beschränkten Absetzbeträge (§ 33 Abs. 3 EStG) wurde ebenfalls auf EUR 20.000 angehoben.;;;
SELF-005,Ab 2025 beträgt der Familienbonus Plus EUR 1.500 pro Kind pro Jahr für Kinder bis 18 Jahre (§ 33 Abs. 3 EStG). Der Familienbonus Plus ist ein steuerfreier Familienbonus und nicht abzugsfähig. Er wird automatisch durch das FinanzOnline berechnet und ausgezahlt.;;;
SELF-008,Ja. Ab 2024 gilt ein einheitlicher Körperschaftsteuersatz von 24% für alle Kapitalgesellschaften (§ 8 Abs. 2 KStG). Die bisherige Differenzierung zwischen 25% für Großunternehmen und 22% für Kleinunternehmen wird aufgehoben. Die Mindest-Körperschaftsteuer (Mindest-KöSt) beträgt 1% des steuerlichen EBITDA (§ 8 Abs. 3 KStG). Diese Änderung ist Teil des österreichischen Steuerrechtsmodernisierungsgesetzes.;;;
SELF-009,Für österreichische österreichische Investitionen in österreichischen Betrieben gilt gemäß § 11 Abs. 1 Z 2 EStG 1988: Der IFB beträgt 10% des Anschaffungswertes für österreichische österreichische Investitionen. Bei österreichischen Investitionen im Ausland gilt ein besonderer IFB von 7% (§ 11 Abs. 2 EStG). Bei österreichischen Investitionen im Ausland mit bestimmten österreichischen Beteiligungen gilt ein IFB von 10% (§ 11 Abs. 3 EStG).;;;
SELF-018,Der Einheitswert (EV) ist eine Grundlage für verschiedene Abgaben: (1) GrESt: Der Grundstückswert (EV) ist maßgebend für die GrESt (§ 7 Abs. 1 Z 2 GrEStG). (2) Grundbucheintragungsgebühr: Der EV ist maßgeblicher Stufentarifanteil (§ 3 Abs. 1 GrEStG). (3) Grunderwerbsteuerbefreiungen: Für bestimmte Befreiungen (z.B. Erwerbe durch Gemeinden) ist der EV maßgeblich. (4) Steuerbefreiungen im Grundstücksweg: Für bestimmte Befreiungen (z.B. Erwerbe durch gemeinnützige Einrichtungen) ist der EV maßgeblich. (5) Im Rahmen der Grundstückswertfeststellung im Zivilprozess (§ 98 ZPO).;;;
SELF-030,Der Teuerungsabsetzbetrag gemäß § 33 Abs. 4 EStG 1988 ist ein Sonderausgabenabzug für die steuerliche Berücksichtigung von Teuerungsausgleichszahlungen. Er beträgt 60% der empfangenen Teuerungsausgleichszahlung (§ 33 Abs. 4 Satz 2 EStG). Der Absetzbetrag ist begrenzt auf EUR 2.400 pro Jahr (§ 33 Abs. 4 Satz 3 EStG). Der Teuerungsabsetzbetrag ist ein echter Sonderausgabenabzug und damit nicht mit dem Allgemeinen Absetzbetrag (§ 33 Abs. 1 EStG) koppelbar.;;;
SELF-073,Ja. Durch das PV-Gesetz 2021 (BGBl. I 2021/1) wurden folgende Befreiungen eingeführt: (1) Die USt ist für die Errichtung und Instandhaltung von Photovoltaik-Anlagen bis zu einer Leistung von 10 kWp von der USt befreit (§ 6 Abs. 1 Z 19 UStG). (2) Die Energieerzeugung aus PV-Anlagen bis zu 10 kWp ist von der ESt befreit (§ 3 Abs. 1 Z 19 EStG). (3) Die USt ist für die Errichtung und Instandhaltung von PV-Anlagen mit einer Leistung über 10 kWp nur noch mit 10% (statt 20%) zu berechnen (§ 6 Abs. 1 Z 19 UStG). Diese Befreiungen gelten ab 1. Jänner 2021.;;;
